title,company_name,reward,link
Gen AI Python 개발자,콘센트릭스서비스코리아CATALYST,합격보상금 100만원,https://www.wanted.co.kr/wd/224816
백엔드 개발자 (Python/Django),킬로,합격보상금 100만원,https://www.wanted.co.kr/wd/224704
Python 개발자,버블콘,합격보상금 100만원,https://www.wanted.co.kr/wd/185661
파이썬 개발,더블유닷에이아이,합격보상금 100만원,https://www.wanted.co.kr/wd/222734
Python Django 기반 서버 개발,블리몽키즈,합격보상금 100만원,https://www.wanted.co.kr/wd/184372
"[전문연구요원 가능] C/C++, Python 로봇 제어 개발자 (신입)",메디인테크,합격보상금 100만원,https://www.wanted.co.kr/wd/147487
백엔드 엔지니어 (Python),아이네블루메(채티),합격보상금 100만원,https://www.wanted.co.kr/wd/60926
파이썬 백엔드 개발자 (Python Backend),아토머스(마인드카페),합격보상금 100만원,https://www.wanted.co.kr/wd/216562
Gen AI Python 개발자,콘센트릭스서비스코리아CATALYST,합격보상금 100만원,https://www.wanted.co.kr/wd/224816
백엔드 개발자 (Python/Django),킬로,합격보상금 100만원,https://www.wanted.co.kr/wd/224704
Python 개발자,버블콘,합격보상금 100만원,https://www.wanted.co.kr/wd/185661
파이썬 개발,더블유닷에이아이,합격보상금 100만원,https://www.wanted.co.kr/wd/222734
Python Django 기반 서버 개발,블리몽키즈,합격보상금 100만원,https://www.wanted.co.kr/wd/184372
"[전문연구요원 가능] C/C++, Python 로봇 제어 개발자 (신입)",메디인테크,합격보상금 100만원,https://www.wanted.co.kr/wd/147487
백엔드 엔지니어 (Python),아이네블루메(채티),합격보상금 100만원,https://www.wanted.co.kr/wd/60926
파이썬 백엔드 개발자 (Python Backend),아토머스(마인드카페),합격보상금 100만원,https://www.wanted.co.kr/wd/216562
파이썬(Python) 개발자,에잇퍼센트(8PERCENT),합격보상금 100만원,https://www.wanted.co.kr/wd/224963
"파이썬 백엔드 개발자 (3년 이상 / Django, FastAPI)",데이터뱅크,합격보상금 100만원,https://www.wanted.co.kr/wd/79771
[200억↑투자] 풀스택 엔지니어 (Web/Python/Django) (플랫폼팀),놀이의발견,합격보상금 100만원,https://www.wanted.co.kr/wd/224440
명품이커머스 python 백엔드 개발자,비씨디코퍼레이션,합격보상금 100만원,https://www.wanted.co.kr/wd/211437
풀스택 웹 개발자 (Python/Django),웜블러드,합격보상금 100만원,https://www.wanted.co.kr/wd/142233
"백엔드 개발자 Node.js, Python/5년 이상",딥세일즈,합격보상금 100만원,https://www.wanted.co.kr/wd/211459
파이썬 백엔드 개발자 / 2년이상(부산),크리스틴컴퍼니,합격보상금 100만원,https://www.wanted.co.kr/wd/220022
"파이썬(Phyton, AWS) 개발자 (3년 이상)",오토패스,합격보상금 100만원,https://www.wanted.co.kr/wd/214645
"[전문연구요원 가능] C/C++, Python 로봇 제어 개발자",메디인테크,합격보상금 100만원,https://www.wanted.co.kr/wd/100407
Python Developer (Product),비바리퍼블리카(토스),합격보상금 100만원,https://www.wanted.co.kr/wd/172779
글로벌팀 백엔드 엔지니어 (Python),엘리스,합격보상금 100만원,https://www.wanted.co.kr/wd/182859
백엔드 엔지니어 (Python),엘리스,합격보상금 100만원,https://www.wanted.co.kr/wd/57878
파이썬 웹개발,제스트클라우드,합격보상금 100만원,https://www.wanted.co.kr/wd/223944
"C#, C++, Python, IoT MCU(아두이노,RPi) 개발자",아이티로그,합격보상금 100만원,https://www.wanted.co.kr/wd/187186
Python application & Algorithm 개발자,메디픽셀,합격보상금 100만원,https://www.wanted.co.kr/wd/190006
Python 백엔드 개발자(신입),핫셀러,합격보상금 100만원,https://www.wanted.co.kr/wd/224303
"백엔드 개발자 (Python, Django)",솔루션퀀트,합격보상금 100만원,https://www.wanted.co.kr/wd/191575
Python BackEnd Developer,에이젠글로벌,합격보상금 100만원,https://www.wanted.co.kr/wd/216606
"코박(Cobak) 백엔드 개발자[3년 이상] (Python, Django)",판도라티비,합격보상금 100만원,https://www.wanted.co.kr/wd/209286
백엔드 엔지니어(파이썬) (3년 이상),블루밍비트,합격보상금 100만원,https://www.wanted.co.kr/wd/222465
Python Back-end Engineer,올거나이즈코리아(Allganize Korea),합격보상금 100만원,https://www.wanted.co.kr/wd/160068
"NestJS, Python 백엔드 개발자",씨에스엠17,합격보상금 100만원,https://www.wanted.co.kr/wd/218163
Python Backend Engineer,에임(AIM),합격보상금 100만원,https://www.wanted.co.kr/wd/2447
파이썬 백엔드 개발자 / 2년이상(서울),크리스틴컴퍼니,합격보상금 100만원,https://www.wanted.co.kr/wd/220025
[1100억↑투자] Python 백엔드 서버 개발자 (7년 이상),알스퀘어,합격보상금 100만원,https://www.wanted.co.kr/wd/219856
[플레이오][신입] Python 백엔드 개발,지엔에이컴퍼니,합격보상금 100만원,https://www.wanted.co.kr/wd/193602
"[200억↑투자] 백엔드 개발자 (Python, MSA)",페이타랩(패스오더),합격보상금 100만원,https://www.wanted.co.kr/wd/196993
백엔드 엔지니어 (Python),버핏서울,합격보상금 100만원,https://www.wanted.co.kr/wd/197592
[200억↑투자] 서버 엔지니어 (Python),페이히어,합격보상금 100만원,https://www.wanted.co.kr/wd/215963
파이썬 백엔드 개발자,에이드파트너스,합격보상금 100만원,https://www.wanted.co.kr/wd/221445
이커머스 솔루션 Python Backend 리드 개발자,샐러드랩,합격보상금 100만원,https://www.wanted.co.kr/wd/209397
파이썬 백엔드 개발자,투블럭에이아이,합격보상금 100만원,https://www.wanted.co.kr/wd/163255
Python Developer (Platform),비바리퍼블리카(토스),합격보상금 100만원,https://www.wanted.co.kr/wd/176110
Python 개발자,미니레코드,합격보상금 100만원,https://www.wanted.co.kr/wd/222258
백엔드 엔지니어 (Python/Django),뮤즈라이브(Muzlive),합격보상금 100만원,https://www.wanted.co.kr/wd/18295
데이터 엔지니어 (Python),핀다(FINDA),합격보상금 100만원,https://www.wanted.co.kr/wd/180080
[Python] Back-end Developer,단비교육,합격보상금 100만원,https://www.wanted.co.kr/wd/216881
"[200억↑투자] 백엔드 개발자 주니어 (Python, MSA)",페이타랩(패스오더),합격보상금 100만원,https://www.wanted.co.kr/wd/45650
Python AI개발자,평행공간,합격보상금 100만원,https://www.wanted.co.kr/wd/219940
[200억↑투자] 백엔드 개발자 (Python),바로팜,합격보상금 100만원,https://www.wanted.co.kr/wd/66521
Python AI개발자  신입,평행공간,합격보상금 100만원,https://www.wanted.co.kr/wd/220044
[신입] 백엔드 엔지니어 (Python),엘리스,합격보상금 100만원,https://www.wanted.co.kr/wd/162405
[인텔리전스랩스] 선행프로덕트팀 백엔드 개발자 (Python/Go),넥슨코리아(NEXON),합격보상금 100만원,https://www.wanted.co.kr/wd/211877
"백엔드 개발자 (Python, Django)",라프텔(Laftel),합격보상금 100만원,https://www.wanted.co.kr/wd/121823
파이썬 프로그램 개발자,뉴로다임,합격보상금 100만원,https://www.wanted.co.kr/wd/214944
[인텔리전스랩스] 소셜메이킹팀 백엔드 개발자 (Python),넥슨코리아(NEXON),합격보상금 100만원,https://www.wanted.co.kr/wd/205855
[인텔리전스랩스] MLOps팀 백엔드 개발자 (Python/Go),넥슨코리아(NEXON),합격보상금 100만원,https://www.wanted.co.kr/wd/151721
